{
  "BiologicalPerceptron_hebbian": {
    "training_history": {
      "train_loss": [
        2.314141869099935,
        2.314274356206258,
        2.314780532328288,
        2.3153112995147707,
        2.3158719659169513
      ],
      "train_accuracy": [
        0.09733333333333333,
        0.09863333333333334,
        0.09863333333333334,
        0.09863333333333334,
        0.09863333333333334
      ],
      "test_loss": [
        2.3135806828642043,
        2.314079147558243,
        2.3145945270221455,
        2.3151261859808487,
        2.3156748457838554
      ],
      "test_accuracy": [
        0.09584664536741214,
        0.09584664536741214,
        0.09584664536741214,
        0.09584664536741214,
        0.09584664536741214
      ],
      "epochs": [
        1,
        2,
        3,
        4,
        5
      ]
    },
    "best_test_accuracy": 0.09584664536741214,
    "final_train_accuracy": 0.09863333333333334,
    "final_test_accuracy": 0.09584664536741214,
    "model_info": {
      "num_neurons": 2,
      "learning_rule": "hebbian",
      "biological_constraints": true,
      "neuron_ids": [
        864691136090135607,
        864691135373893678
      ]
    }
  },
  "BiologicalPerceptron_stdp": {
    "training_history": {
      "train_loss": [
        2.3103365595499676,
        2.3088973280588787,
        2.3089141480763753,
        2.308920952860514,
        2.3089219730377195
      ],
      "train_accuracy": [
        0.10041666666666667,
        0.10218333333333333,
        0.10218333333333333,
        0.10218333333333333,
        0.10218333333333333
      ],
      "test_loss": [
        2.3102604459268976,
        2.310242425138577,
        2.3102547977679073,
        2.3102570920706555,
        2.310257395235494
      ],
      "test_accuracy": [
        0.10103833865814696,
        0.10103833865814696,
        0.10103833865814696,
        0.10103833865814696,
        0.10103833865814696
      ],
      "epochs": [
        1,
        2,
        3,
        4,
        5
      ]
    },
    "best_test_accuracy": 0.10103833865814696,
    "final_train_accuracy": 0.10218333333333333,
    "final_test_accuracy": 0.10103833865814696,
    "model_info": {
      "num_neurons": 2,
      "learning_rule": "stdp",
      "biological_constraints": true,
      "neuron_ids": [
        864691136090135607,
        864691135373893678
      ]
    }
  }
}