{
  "BiologicalPerceptron_hebbian": {
    "training_history": {
      "train_loss": [
        2.30544137840271,
        2.3053523385365806,
        2.3053525329589846,
        2.3053527661641438,
        2.3053528621673585
      ],
      "train_accuracy": [
        0.101,
        0.10218333333333333,
        0.10218333333333333,
        0.10218333333333333,
        0.10218333333333333
      ],
      "test_loss": [
        2.3051104339928674,
        2.3051106487981046,
        2.3051108468454866,
        2.3051109405371326,
        2.3051111835260363
      ],
      "test_accuracy": [
        0.10103833865814696,
        0.10103833865814696,
        0.10103833865814696,
        0.10103833865814696,
        0.10103833865814696
      ],
      "epochs": [
        1,
        2,
        3,
        4,
        5
      ]
    },
    "best_test_accuracy": 0.10103833865814696,
    "final_train_accuracy": 0.10218333333333333,
    "final_test_accuracy": 0.10103833865814696,
    "model_info": {
      "num_neurons": 2,
      "learning_rule": "hebbian",
      "biological_constraints": false,
      "neuron_ids": [
        864691136090135607,
        864691135373893678
      ]
    }
  },
  "BiologicalPerceptron_stdp": {
    "training_history": {
      "train_loss": [
        2.305551750946045,
        2.305164612579346,
        2.305188696416219,
        2.305192132695516,
        2.305192636871338
      ],
      "train_accuracy": [
        0.11003333333333333,
        0.10441666666666667,
        0.10441666666666667,
        0.10441666666666667,
        0.10441666666666667
      ],
      "test_loss": [
        2.305620313833316,
        2.305686124978355,
        2.3056964493407226,
        2.3056981022746417,
        2.3056983932519493
      ],
      "test_accuracy": [
        0.10273562300319489,
        0.10273562300319489,
        0.10273562300319489,
        0.10273562300319489,
        0.10273562300319489
      ],
      "epochs": [
        1,
        2,
        3,
        4,
        5
      ]
    },
    "best_test_accuracy": 0.10273562300319489,
    "final_train_accuracy": 0.10441666666666667,
    "final_test_accuracy": 0.10273562300319489,
    "model_info": {
      "num_neurons": 2,
      "learning_rule": "stdp",
      "biological_constraints": false,
      "neuron_ids": [
        864691136090135607,
        864691135373893678
      ]
    }
  }
}